http://dx.doi.org/10.1787/9789264186217-en|Sustainable agriculture,Agricultural land area,agricultural land area; utilised agricultural area; crop area; arable land; permanent crops; pastures; temporary crops; hectares; agriculture; agricultural land; farmland; agricultural area; sustainability; sustainable agriculture,Agriculture
http://www.oecd.org/dac/stats/methodology.htm|Official development assistance (ODA),Net ODA,ODA; development assistance; net ODA; development aid; international aid; DAC; Official development assistance; government aid; developing countries; official financing; donors; aid,Development
http://dx.doi.org/10.1787/data-00546-en|Health risks,Alcohol consumption,alcohol; alcohol consumption; car accidents; health risks,Health
http://dx.doi.org/10.1787/data-00297-en|Employment,Temporary employment,temporary; employment; labour; jobs,Jobs
http://dx.doi.org/10.1787/data-00224-fr|Pêcheries,Débarquements de poisson,débarquements de poisson; pêche; capture marine; capture de poissons; prises; pêcheries; aquaculture,Agriculture
http://dx.doi.org/10.1787/20743211|Ressources pour la santé,Titulaires d’un diplôme de médecin,titulaires d’un diplôme de médecin; médecin; étudiant; étudiante; ressources pour la santé; dépenses de santé; produits pharmaceutiques; titulaires d’un diplôme d’infirmier; titulaires d’un diplôme d’infirmière,Santé
http://dx.doi.org/10.1787/data-00600-en|Forest,Forest resources,Forest; ecosystem; environment; ecology; wood; felling; increased; Agroforestry; Biodiversity; grove; cutting; swath; Conifers; variety; Plot; tree,Environment
http://dx.doi.org/10.1787/data-00001-fr|Produit intérieur,Produit intérieur brut (PIB),produit intérieur brut; PIB; PIB par habitant; habitant; investissement; FBCF; valeur ajoutée,Économie
http://www.internationaltransportforum.org/Pub/pdf/13Value.pdf|Transport,Infrastructure investment,transport; investment; infrastructure; inland; road; rail; spending; passenger; car; freight; goods; maintenance; death; fatality; accident; expenditure; container; sea; air,Energy
http://dx.doi.org/10.1787/9789264210455-fr|Pêcheries,Débarquements de poisson,débarquements de poisson; pêche; capture marine; capture de poissons; prises; pêcheries; aquaculture,Agriculture
http://dx.doi.org/10.1787/2076264x|International student assessment (PISA),Mathematics performance (PISA),pisa; pisa 2012; mathematics; maths; PISA; education; score; ability; science; reading; literacy; PISA 2012,Education
http://dx.doi.org/10.1787/data-00286-fr|Démographie,Population d'âge actif,population; population d'âge actif; demographie,Société
http://dx.doi.org/10.1787/data-00723-fr|Entrepreneuriat,Travailleurs indépendants employeurs,employeurs; travailleurs indépendants; salariés; entrepreneuriat; entrepreneurs; entreprises,Innovation et Technologies
http://dx.doi.org/10.1787/data-00222-en|Fisheries,Fish landings,fish landings; fish capture; marine capture; fishing; catch; fisheries; aquaculture,Agriculture
http://dx.doi.org/10.1787/2074319x|Health resources,Medical graduates,medical graduates; doctor; student; health resources; health expenditure; health spending; pharmaceutical; nursing graduates,Health
http://dx.doi.org/10.1787/9789264048768-fr|Investissement direct international (IDI),Flux d'IDI,à l'étranger; de l'étranger; IDE; international; flux; entrant,sortant; investissement direct,Économie
http://dx.doi.org/10.1787/9789264167919-fr|Migration,Taux d’activité des allochtones,allochtone; immigration; emploi; chômage; taux; population; immigrés; migrants; sexe; homme; femme; hommes; femmes; Migration; migrant; émigration; flux; envoi de fonds,Société
http://www.oecd.org/edu/school/talis.htm|Education resources,Teachers,School; teacher; teach; education; class; pupil; classroom; student; spending; public; private; salary; hours; teaching; preparation; women; principal,Education
http://dx.doi.org/10.1787/5k3v1trgnbr4-en|International trade,Import content of exports,GVC; global value chain; participation in global value chains; foreign inputs; backward participation; domestically-produced inputs used in third countries' exports; forward participation; participation index; Import content; exports; trade in goods; goods; trade; trade in services; services; goods and services; value added; gross exports; tiva; value; forecast; import content,Economy
http://dx.doi.org/10.1787/22195009|Monetary aggregates,Broad money (M3),money; monetary; aggregate; M3; inflation; PPP; broad; narrow; M1,Finance
http://dx.doi.org/10.1787/data-00265-fr|Fiscalité,Coin fiscal,coin fiscal; impôt applicable au salarié moyen; coût total de la main-d'œuvre; ratio des coûts de main-d'œuvre; impôts; taxation; fiscalité; taxes; recettes fiscales; revenus fiscaux; Modèle de convention fiscale; statistiques des recettes publiques; impôts sur les salaires,Gouvernement
http://dx.doi.org/10.1787/9789264113541-en|Information and communication technology (ICT),ICT employment,ICT; employment; employee; information; communication; telecommunication; internet; technology; job; value-added; GDP; output; ICT investment; acquisition; equipment; computer software; hardware; export; exportation,Innovation and Technology
http://dx.doi.org/10.1787/data-00284-fr|Entrepreneuriat,Salariés par taille d'entreprise,salariés; salariés par taille d'entreprise; entrepreneuriat; entrepreneurs; entreprises,Innovation et Technologies
http://dx.doi.org/10.1787/data-00682-en|Accès haut débit,Abonnements haut débit mobile,haut débit; mobile; abonnements; sans fil; wifi; http; internet; données; tarifs; réseau; formule; prépayé; paiement a posteriori; information; communication; télécommunications; technologie; filaire; abonnement; TIC; fixe; hertzien; connexion; fibre; câble,Innovation et Technologies
http://dx.doi.org/10.1787/data-00202-en|Education resources,Teaching staff,teaching; staff; education; academic; spending; public; private; teacher; salary; hours; preparation; women; principal,Education
http://dx.doi.org/10.1787/factbook-2010-107-en|Monetary aggregates,Broad money (M3),money; monetary; aggregate; M3; inflation; PPP; broad; narrow; M1,Finance
http://dx.doi.org/10.1787/23089679|Health risks,Alcohol consumption,alcohol; alcohol consumption; car accidents; health risks,Health
http://dx.doi.org/10.1787/data-00048-fr|Industrie,Production industrielle,production industrielle; secteur économique; activité économique; entrepreneuriat; industrie,Innovation et Technologies
http://dx.doi.org/10.1787/factbook-data-en|Information and communication technology (ICT),ICT employment,ICT; employment; employee; information; communication; telecommunication; internet; technology; job; value-added; GDP; output; ICT investment; acquisition; equipment; computer software; hardware; export; exportation,Innovation and Technology
http://dx.doi.org/10.1787/2307843x|Insurance,National insurance market share,insurance; market share; national insurance; rate; premium; claim; direct insurance,Finance
http://dx.doi.org/10.1787/22201882|Échanges internationaux,Échanges de biens et services,échanges de biens; biens; échanges; échanges de services; services; biens et services; valeur ajoutée; exportations brutes; ÉVA; valeur; prévisions; contenu; importation,Économie
http://dx.doi.org/10.1787/23130857|International trade,Trade in goods and services,trade in goods; goods; trade; trade in services; services; goods and services; value added; gross exports; tiva; value; forecast; import content,Economy
http://www.oecd.org/fr/cad/stats/methodologie.htm|Aide publique au développement (APD),APD nette,APD; aide publique au développement; APD nette; aide internationale; CAD; aide publique; pays en développement; financement public; donneurs; aide,Développement
http://dx.doi.org/10.1787/data-00699-fr|Production agricole,Production végétale,production végétale; superficie cultivée; superficie des terres agricoles; surface agricole utile; surface cultivée; rendement des cultures; superficie récoltée; quantité produite; production par hectare; quantité récoltée; récolte; blé; céréales secondaires; riz; graines oléagineuses; tonnes par hectare; cultures; agriculture; culture; végétaux; élevage; animal; animaux; production agricole,Agriculture
http://dx.doi.org/10.1787/19962843-en|Energy,Electricity generation,energy; electricity; production; fuel; natural resources; electrification rate; autoproducer; geothermal; biofuels; source; power; force,Energy
http://dx.doi.org/10.1787/22199446|Air and climate,Air and GHG emissions,climate change; emissions; Air; green house gas; carbon dioxide; CO2; methane; CH4; nitrous oxide; N2O; chlorofluorocarbons; CFCs; hydrofluorocarbons; HFCs; perfluorocarbons; PFCs; sulphur hexafluoride; SF6; sulphur oxides; SOx; nitrogen oxides; NOx; SO2; NO2; GHG; air quality; pollution; PM10; PM2.5; health; air; climate; quality; environment; emission; concentration; carbon; co2,Environment
http://dx.doi.org/10.1787/data-00042-fr|Indicateurs avancés,Indicateur composite avancé,indicateur composite avancé; ICA; confiance; indicateur; principaux indicateurs économiques,Économie
http://dx.doi.org/10.1787/data-00625-fr|Pensions,Patrimoine retraite brut,vieillesse; retraite; patrimoine retraite brut; personnes âgées; prestations; revenus; retraités; espérance de vie; âge de la retraite; pensions; retraité; allocations; subvention,Finance
http://dx.doi.org/10.1787/9789264034259-en|International trade,Import content of exports,GVC; global value chain; participation in global value chains; foreign inputs; backward participation; domestically-produced inputs used in third countries' exports; forward participation; participation index; Import content; exports; trade in goods; goods; trade; trade in services; services; goods and services; value added; gross exports; tiva; value; forecast; import content,Economy
http://stats.oecd.org/Index.aspx?&datasetcode=ITF_GOODS_TRANSPORT|Transport,Freight transport,transport; road; rail; freight; goods; investment; passenger; car; maintenance; spending; death; fatality; accident; expenditure; container; sea; air,Energy
http://dx.doi.org/10.1787/9789264172470-en|Migration,Foreign-born employment,foreign-born; immigration; employment; unemployment; rate; population; immigrants; migrants; gender; male; female; men; women; migration; migrant; emigration; flow; transfer; wire,Society
http://dx.doi.org/10.1787/22200444|International trade,Trade in goods and services,trade in goods; goods; trade; trade in services; services; goods and services; value added; gross exports; tiva; value; forecast; import content,Economy
http://dx.doi.org/10.1787/22229523|Sustainable agriculture,Agricultural land area,agricultural land area; utilised agricultural area; crop area; arable land; permanent crops; pastures; temporary crops; hectares; agriculture; agricultural land; farmland; agricultural area; sustainability; sustainable agriculture,Agriculture
http://dx.doi.org/10.1787/9789264202405-en|Water,Water withdrawals,water; abstraction; withdrawal; resources; extraction; irrigation; pipe:drought; flood; resource; stock; environment; freshwater,Environment
http://dx.doi.org/10.1787/9789264013476-en|Official development assistance (ODA),Food aid,ODA; development assistance; development aid; DAC; international aid; emergency; developmental; security; Official development assistance; government aid; developing countries; official financing; donors; aid,Development
http://www.oecd.org/std/leading-indicators/oecd-cli-detailed-methodological-information.htm|Leading indicators,Composite leading indicator (CLI),Composite leading indicator; CLI; confidence; indicator; main economic indicator,Economy
http://dx.doi.org/10.1787/data-00535-en|Prices,Producer price indices (PPI),Producer price indices; PPI; producer; inflation; share prices; prices; cpi; ppi; price level; forecast,Economy
http://dx.doi.org/10.1787/20763956|Évaluation internationale des élèves (PISA),Compétences en mathématiques (PISA),pisa; pisa 2012; mathématiques; maths; PISA; éducation; score; capacités; sciences; compréhension de l'écrit; compétences de base; PISA 2012,Éducation
http://dx.doi.org/10.1787/20747748|Aide publique au développement (APD),APD nette,APD; aide publique au développement; APD nette; aide internationale; CAD; aide publique; pays en développement; financement public; donneurs; aide,Développement
http://dx.doi.org/10.1787/19991150|Production agricole,Production végétale,production végétale; superficie cultivée; superficie des terres agricoles; surface agricole utile; surface cultivée; rendement des cultures; superficie récoltée; quantité produite; production par hectare; quantité récoltée; récolte; blé; céréales secondaires; riz; graines oléagineuses; tonnes par hectare; cultures; agriculture; culture; végétaux; élevage; animal; animaux; production agricole,Agriculture
http://dx.doi.org/10.1787/20743408|Social protection,Public spending on labour markets,public; expenditure; expenses; spending; cost; payment; investment; unemployment; jobs; labour market; employment services; training; hiring; subsidies; job creation; unemployment benefits; social; benefit; support; transfer; households; pensions; income support; maternity leave; assistance,Society
http://dx.doi.org/10.1787/9789264086463-en|Information and communication technology (ICT),Access to computers from home,communication; household; internet access; broadband; mobile device; smartphones; computers; goods; services; ICT; value-added; GDP; information; telecommunication; internet; technology; output; employment; employee; job; ICT investment; acquisition; equipment; computer software; hardware; export; exportation,Innovation and Technology
http://dx.doi.org/10.1787/9789264181052-en|Health risks,Daily smokers,smoking; tobacco; mortality; smokers; cigarette; daily smokers; health risks,Health
http://dx.doi.org/10.1787/data-00220-en|Fisheries,Fisheries support,fisheries support; fisheries subsidies; government financial transfers to fisheries; fisheries; fishing; aquaculture,Agriculture
http://stats.oecd.org/Index.aspx?&datasetcode=ITF_PASSENGER_TRANSPORT|Transport,Passenger transport,transport; passenger; car; road; rail; investment; freight; goods; maintenance; spending; death; fatality; accident; expenditure; container; sea; air,Energy
http://dx.doi.org/10.1787/16097513|Social protection,Public spending on labour markets,public; expenditure; expenses; spending; cost; payment; investment; unemployment; jobs; labour market; employment services; training; hiring; subsidies; job creation; unemployment benefits; social; benefit; support; transfer; households; pensions; income support; maternity leave; assistance,Society
http://dx.doi.org/10.1787/19900066|Politique agricole,Protection des producteurs,coefficient nominal de protection des producteurs; protection des agriculteurs; protection des producteurs agricoles; CNP; CNP des producteurs; prix à la frontière; prix de référence; prix mondial; subvention à l'exportation; politique agricole; paiements agricoles; soutien public; agriculture; soutien à l'agriculture; exploitation agricole; revenu agricole,Agriculture
http://dx.doi.org/10.1787/data-00571-fr|Salaires,Salaires moyens,salaires; traitements; traitement; revenus,Emploi
http://dx.doi.org/10.1787/1990066x|Energy,Nuclear power plants,nuclear plant; energy; grid; construction; electricity; power; source; force,Energy
http://dx.doi.org/10.1787/data-00540-en|Health status,Life expectancy at 65,life expectancy at 65; quality of life; number of years; mortality; longevity; death; health status; life expectancy; cancer; suicide; infant mortality; premature mortality,Health
http://dx.doi.org/10.1787/19991487|Employment,Employment by education level,employment; educational attaintment; labour; jobs,Jobs
http://dx.doi.org/10.1787/data-00069-en|Official development assistance (ODA),Distribution of net ODA,ODA; development assistance; ODA distribution; development aid; international aid; DAC; Official development assistance; government aid; developing countries; official financing; donors; aid,Development
http://dx.doi.org/10.1787/9789264084865-en|Health risks,Overweight or obese population,obesity; overweight; body fat; sedentary; body mass index; BMI; health risks,Health
http://dx.doi.org/10.1787/19991371|Pensions,Patrimoine retraite brut,vieillesse; retraite; patrimoine retraite brut; personnes âgées; prestations; revenus; retraités; espérance de vie; âge de la retraite; pensions; retraité; allocations; subvention,Finance
http://dx.doi.org/10.1787/9789264209138-en|Water,Water withdrawals,water; abstraction; withdrawal; resources; extraction; irrigation; pipe:drought; flood; resource; stock; environment; freshwater,Environment
http://dx.doi.org/10.1787/19991479|Technologie de l'information et des communications (TIC),Informatique à domicile,communication; ménage; accès Internet; haut debit; appareil mobile; smartphone; biens; services; TIC, ordinateur; maison; TIC; valeur ajoutée; PIB; information; télécommunications; Internet; technologies; production; poste; emploi; salarié; investissement dans les TIC; acquisition; équipement; logiciel; export; exportation,Innovation et Technologies
http://dx.doi.org/10.1787/data-00262-en|Tax,Tax on payroll,compulsory payments; payroll tax; employer contributions; employee contributions; Tax; Taxation; Tax revenue; model tax convention; revenue statistics; taxing wages,Government
http://dx.doi.org/10.1787/9789264194830-16-en|Insurance,National insurance market share,insurance; market share; national insurance; rate; premium; claim; direct insurance,Finance
http://dx.doi.org/10.1787/20743149|Aide publique au développement (APD),APD nette,APD; aide publique au développement; APD nette; aide internationale; CAD; aide publique; pays en développement; financement public; donneurs; aide,Développement
http://dx.doi.org/10.1787/19900082|Energy,Crude oil import prices,energy,crude oil; production; resources; reserve; unconventional oil; sand; coal; biomass; natural gas; oil shock; price; energy; source; power; force,Energy
http://dx.doi.org/10.1787/2221433x|National income,Net lending/borrowing by sector,lending; borrowing; household; corporate; general government; income; national accounts,Economy
http://dx.doi.org/10.1787/9789264181243-fr|Agriculture durable,Superficie des terres agricoles,superficie des terres agricoles; superficie agricole utilisée:surface agricole utilisée; superficie cultivée; agriculture; terres agricoles; surface agricole; superficie agricole; agriculture durable,Agriculture
http://dx.doi.org/10.1787/22270485|Health resources,Pharmaceutical spending,spending; prescriptions; medicines; self-medication; medical; expenditure; pharmacists; Pharmaceuticals; hospital; health resources; health expenditure; health spending; pharmaceutical; medical graduates; nursing graduates,Health
http://dx.doi.org/10.1787/19990057|Population by region,National area distribution,national area distribution; regional demographics; regional population; rural population; urban population; metropolitain population; city population; region population,Society
http://dx.doi.org/10.1787/23083409|Démographie,Population d'âge actif,population; population d'âge actif; demographie,Société
http://dx.doi.org/10.1787/factbook-data-fr|Technologie de l'information et des communications (TIC),Emploi lié aux TIC,TIC; emploi; salarié; information; communication; télécommunications; Internet; technologies; poste; valeur ajoutée; PIB; production; investissement dans les TIC; acquisition; équipement; logiciel; export; exportation,Innovation et Technologies
http://dx.doi.org/10.1787/data-00706-en|International trade,Current account balance,balance; current account; trade in goods; goods; trade; trade in services; services; goods and services; value added; gross exports; tiva; value; forecast; import content,Economy
http://dx.doi.org/10.1787/data-00310-en|Unemployment,Youth unemployment rate,youth; unemployment; youth unemployment,Jobs
http://dx.doi.org/10.1787/9789264208827-fr|Évaluation internationale des élèves (PISA),Compétences en mathématiques (PISA),pisa; pisa 2012; mathématiques; maths; PISA; éducation; score; capacités; sciences; compréhension de l'écrit; compétences de base; PISA 2012,Éducation
http://dx.doi.org/10.1787/data-00342-fr|Migration,Population étrangère,étrangers; immigration; population; habitants; nationalité; naissance; Migration; migrant; émigration; flux; envoi de fonds,Société
http://dx.doi.org/10.1787/data-00601-fr|Déchets,Déchets municipaux,déchets; collecte; communes; urbanisation; consommation; énergies renouvelables; pollution; gestion; santé; sols; utilisation des terres; paysage; eaux usées; contamination de l'eau; environnement; ordures; recyclage; durable,Environnement
http://stats.oecd.org/Index.aspx?&datasetcode=ITF_PASSENGER_TRANSPORT&Lang=fr|Transport,Transport de voyageurs,transport; voyageur; automobile; route; rail; transports; investissement; passager; voiture; fret; marchandises; maintenance; dépenses; décès; accident mortel; victimes; conteneurs; maritime; aérien,Énergie
http://dx.doi.org/10.1787/data-00549-en|Energy,Renewable energy,energy; renewables; primary; supply; hydro; geothermal; solar; wind; tide:wave; biofuel; biogasoline; biodiesel; biogas; waste; climate change; global warming; fossil fuel; sustainable; source; power; force,Energy
http://dx.doi.org/10.1787/5js6363503f6-en|Youth and the labour market,Youth not in employment, education or training (NEET),youth; NEET; unemployed; lost generation; education; neet; youth not in education or employment,Education
http://dx.doi.org/10.1787/20747195|Technologie de l'information et des communications (TIC),Emploi lié aux TIC,TIC; emploi; salarié; information; communication; télécommunications; Internet; technologies; poste; valeur ajoutée; PIB; production; investissement dans les TIC; acquisition; équipement; logiciel; export; exportation,Innovation et Technologies
http://dx.doi.org/10.1787/9789282103333-en|Transport,Container transport,transport; sea; maritime; rail; freight; goods; container; TEU; investment; passenger; car; road; maintenance; spending; death; fatality; accident; expenditure; air,Energy
http://dx.doi.org/10.1787/int_trade-v2014-1-en|International trade,Imports by business size,imports; imports by business size; trade; enterprise characteristics; TEC; trade by enterprise characteristics; trade in goods; goods; trade in services; services; goods and services; value added; gross exports; tiva; value; forecast; import content,Economy
http://dx.doi.org/10.1787/23081384|Waste,Municipal waste,waste; collection,municipality; urbanisation; consumption; renewable; pollution; management; health; soil; land use; landscape; sewage; water contamination; environment; garbage; recycling; sustainable,Environment
http://dx.doi.org/10.1787/data-00222-fr|Pêcheries,Débarquements de poisson,débarquements de poisson; pêche; capture marine; capture de poissons; prises; pêcheries; aquaculture,Agriculture
http://dx.doi.org/10.1787/jbcma-2007-5km7vgqh718t|Leading indicators,Composite leading indicator (CLI),Composite leading indicator; CLI; confidence; indicator; main economic indicator,Economy
http://dx.doi.org/10.1787/data-00046-en|Employment,Employment by activity,employment; activities; sectors; industries; labour; jobs,Jobs
http://dx.doi.org/10.1787/data-00729-fr|Comptes des ménages,Prévisions des taux d’épargne des ménages,épargne; ménages; prévisions; ménage,Économie
http://dx.doi.org/10.1787/data-00660-en|Sustainable agriculture,Agricultural land area,agricultural land area; utilised agricultural area; crop area; arable land; permanent crops; pastures; temporary crops; hectares; agriculture; agricultural land; farmland; agricultural area; sustainability; sustainable agriculture,Agriculture
http://dx.doi.org/10.1787/5k8zvv39tt9s-en|Transport,Infrastructure maintenance,transport; maintenance; infrastructure; inland; road; rail; spending; investment; passenger; car; freight; goods; death; fatality; accident; expenditure; container; sea; air,Energy
http://dx.doi.org/10.1787/9789264084889-fr|Risques pour la santé,Population en surpoids ou obèse,obésité; surpoids; graisse corporelle; sédentaire; indice de masse corporelle; IMC; risques pour la santé,Santé
http://www.oecd.org/fr/migrations/sicremi.htm|Migration,Personnes nées à l'étranger,nés à l'étranger; immigration; population; nationalité; résidence; expatriés; citoyens; Migration; migrant; émigration; flux; envoi de fonds,Société
http://dx.doi.org/10.1787/9789264220522-fr|Air et climat,Émissions de GES et de polluants de l'air,changement climatique; émissions; air; gaz à effet de serre; dioxyde de carbone; CO2; méthane; CH4; hémioxyde d'azote; N2O; chlorofluorocarbones; CFC; hydrofluorocarbones; HFC; perfluorocarbones; PFC; hexafluorure de soufre; SF6; oxydes de soufre; SOx; oxydes d'azote; NOx; SO2; NO2; GES; qualité de l'air; pollution; PM10; PM2.5; santé; climat; qualité; environnement; émission; concentration; carbone; co2,Environnement
http://dx.doi.org/10.1787/data-00517-fr|Pensions,Actifs des fonds de pension,vieillesse; retraité; investissement; pensions; prestations; revenu de remplacement; revenu minimum; droit à la retraite; retraite; personnes âgées; financement; allocations; subvention,Finance
http://www.oecd.org/fr/cad/stats/apportsderessourcesau-deladelapddanslesstatistiquesducad.htm|Flux de ressources pour le développement,Autres apports du secteur public (AASP),Autres apports du secteur public; AASP; bénéficiaires de l'aide; opérations; APD; aide au développement; aide internationale; CAD; financement public du développement; FPD; apports d'aide; aide publique au développement; dons; prêts au développement assortis de conditions de faveur; prêts au développement non assortis de conditions de faveur; autres apports du secteur public; aide,Développement
http://dx.doi.org/10.1787/data-00547-fr|Démographie,Taux de fécondité,fécondité; taux de fécondité; population; demographie,Société
http://dx.doi.org/10.1787/data-00457-en|Energy,Electricity generation,energy; electricity; production; fuel; natural resources; electrification rate; autoproducer; geothermal; biofuels; source; power; force,Energy
http://dx.doi.org/10.1787/9789264174269-en|Waste,Municipal waste,waste; collection,municipality; urbanisation; consumption; renewable; pollution; management; health; soil; land use; landscape; sewage; water contamination; environment; garbage; recycling; sustainable,Environment
http://dx.doi.org/10.1787/data-00202-fr|Ressources en éducation,Personnel enseignant,enseignement; personnel; éducation; recherche; enseignant; chercheur; dépenses; public; privé; salaire; heures; préparation; femmes; chef d’établissement,Éducation
http://stats.oecd.org/Index.aspx?&datasetcode=ITF_ROAD_ACCIDENTS&Lang=fr|Transport,Accidents de la route,transports; accident; voyageur; passager; voiture; tués; accident mortel; personne tuée; victime; route; investissement; rail; fret; marchandises; maintenance; dépenses; décès; victimes; conteneurs; maritime; aérien,Énergie
http://dx.doi.org/10.1787/data-00039-en|Transport,Passenger car registrations,transport; passenger; car; registration; investment; road; rail; freight; goods; maintenance; spending; death; fatality; accident; expenditure; container; sea; air,Energy
http://dx.doi.org/10.1787/data-00612-en|International trade,Imports by business size,imports; imports by business size; trade; enterprise characteristics; TEC; trade by enterprise characteristics; trade in goods; goods; trade in services; services; goods and services; value added; gross exports; tiva; value; forecast; import content,Economy
http://dx.doi.org/10.1787/data-00685-fr|Productivité,Composantes de la croissance du PIB par habitant,productivité du travail; utilisation de la main-d'œuvre; PIB par heure travaillée; productivité,Économie
http://dx.doi.org/10.1787/22224491|Échanges internationaux,Contenu en importations des exportations,CVM; chaîne de valeur mondiale; participation aux chaînes de valeur mondiales; intrants étrangers; participation en amont; intrants locaux incorporés dans les exportations de pays tiers; participation en aval; indice de participation; Contenu en importations; exportations; échanges de biens; biens; échanges; échanges de services; services; biens et services; valeur ajoutée; exportations brutes; ÉVA; valeur; prévisions; contenu; importation,Économie
http://dx.doi.org/10.1787/data-00072-fr|Aide publique au développement (APD),APD nette,APD; aide publique au développement; APD nette; aide internationale; CAD; aide publique; pays en développement; financement public; donneurs; aide,Développement
http://dx.doi.org/10.1787/data-00004-en|Conversion rates,Exchange rates,exchange rate; ppp,Finance
http://dx.doi.org/10.1787/19991304|Inégalité,Inégalité de revenu,revenu; inégalité de revenu; distribution du revenu; richesse; croissance économique; inégalité; gini; indice; patrimoine; genre,Société
http://dx.doi.org/10.1787/data-00002-en|National income,Gross national income,gross national income; gni; income; national accounts,Economy
http://dx.doi.org/10.1787/data-00601-en|Waste,Municipal waste,waste; collection,municipality; urbanisation; consumption; renewable; pollution; management; health; soil; land use; landscape; sewage; water contamination; environment; garbage; recycling; sustainable,Environment
http://dx.doi.org/10.1787/data-00654-fr|Inégalité,Inégalité de revenu,revenu; inégalité de revenu; distribution du revenu; richesse; croissance économique; inégalité; gini; indice; patrimoine; genre,Société
http://dx.doi.org/10.1787/19991428|Broadband access,Households with broadband access,information; communication; telecommunication; internet; technology; wire; subscription; ICT; fixed; wireless; high-speed; connection; fibre; cable; user; customer; household,Innovation and Technology
http://dx.doi.org/10.1787/data-00338-en|Foreign direct investment (FDI),FDI flows,Foreign; FDI; abroad; flow; inward,outward; direct investment,Economy
http://www.oecd.org/migration/sicremi.htm|Migration,Foreign-born population,foreign-born; immigration; population; nationality; residence; expatriates; citizens; migration; migrant; emigration; flow; transfer; wire,Society
http://dx.doi.org/10.1787/9789282102961-en|Transport,Freight transport,transport; road; rail; freight; goods; investment; passenger; car; maintenance; spending; death; fatality; accident; expenditure; container; sea; air,Energy
http://dx.doi.org/10.1787/data-00536-en|Prices,Price level indices,Price; level; index,price level; inflation; share prices; prices; cpi; ppi; producer; price level; forecast,Economy
http://dx.doi.org/10.1787/9789264050440-en|Health resources,Medical graduates,medical graduates; doctor; student; health resources; health expenditure; health spending; pharmaceutical; nursing graduates,Health
http://dx.doi.org/10.1787/22236716|Investissement direct international (IDI),Encours d'IDI,à l'étranger; de l'étranger; investissement direct; IDE; international,encours; entrant; sortant; international,Économie
http://dx.doi.org/10.1787/data-00322-fr|Chômage,Taux de chômage de longue durée,chômage; taux de chômage; taux de chômage de longue durée,Emploi
http://www.oecd.org/migration/Labour-migration-skills-student-mobility-in-Asia.pdf|Migration,Foreign-born population,foreign-born; immigration; population; nationality; residence; expatriates; citizens; migration; migrant; emigration; flow; transfer; wire,Society
http://dx.doi.org/10.1787/9789264210448-en|Air and climate,Air and GHG emissions,climate change; emissions; Air; green house gas; carbon dioxide; CO2; methane; CH4; nitrous oxide; N2O; chlorofluorocarbons; CFCs; hydrofluorocarbons; HFCs; perfluorocarbons; PFCs; sulphur hexafluoride; SF6; sulphur oxides; SOx; nitrogen oxides; NOx; SO2; NO2; GHG; air quality; pollution; PM10; PM2.5; health; air; climate; quality; environment; emission; concentration; carbon; co2,Environment
http://dx.doi.org/10.1787/data-00297-fr|Emploi,Emploi temporaire,emploi temporaire; emploi; main-d'œuvre; emplois,Emploi
http://dx.doi.org/10.1787/mig-data-fr|Migration,Entrées d'immigrés permanents,installation permantente; immigrés; étrangers; population; flux migratoires; mouvements; Migration; migrant; immigration; émigration; flux; envoi de fonds,Société
http://stats.oecd.org/Index.aspx?&datasetcode=ITF_ROAD_ACCIDENTS|Transport,Road accidents,transport; accident; passenger; car; death; fatality; road; injury; casualty; investment; rail; freight; goods; maintenance; spending; expenditure; container; sea; air,Energy
http://dx.doi.org/10.1787/data-00525-en|Population by region,National area distribution,national area distribution; regional demographics; regional population; rural population; urban population; metropolitain population; city population; region population,Society
http://dx.doi.org/10.1787/data-00001-en|Domestic product,Gross domestic product (GDP),Gross domestic product; GDP; GDP per capita; capita; investment; GFCP; value added,Economy
http://dx.doi.org/10.1787/data-00220-fr|Pêcheries,Soutien aux pêcheries,concours public à la pêche; soutien financier aux pêcheries; subvention de la pêche; soutien à la pêche; soutien financier à la pêche; transferts financiers publics en faveur de la pêche; pêcheries; pêche; aquaculture,Agriculture
http://dx.doi.org/10.1787/22265805|Assurance,Part nationale du marché de l'assurance,assurance; marché de l'assurance; assurance nationale; taux; prime; sinistre; assurances nationales; assurance directe,Finance
http://dx.doi.org/10.1787/22214410|Ressources pour la santé,Dépenses de santé,santé; soins de santé; dépenses de santé; qualité de la vie; prévention; ressources pour la santé; produits pharmaceutiques; titulaires d’un diplôme de médecin; titulaires d’un diplôme d’infirmier; titulaires d’un diplôme d’infirmière,Santé
http://dx.doi.org/10.1787/20747217|Échanges internationaux,Contenu en importations des exportations,CVM; chaîne de valeur mondiale; participation aux chaînes de valeur mondiales; intrants étrangers; participation en amont; intrants locaux incorporés dans les exportations de pays tiers; participation en aval; indice de participation; Contenu en importations; exportations; échanges de biens; biens; échanges; échanges de services; services; biens et services; valeur ajoutée; exportations brutes; ÉVA; valeur; prévisions; contenu; importation,Économie
http://www.oecd.org/migration/mig/World-Migration-in-Figures.pdf|Migration,Foreign population,foreign; immigration; population; inhabitants; nationality; birth; migration; migrant; emigration; flow; transfer; wire,Society
http://dx.doi.org/10.1787/22224475|International trade,Import content of exports,GVC; global value chain; participation in global value chains; foreign inputs; backward participation; domestically-produced inputs used in third countries' exports; forward participation; participation index; Import content; exports; trade in goods; goods; trade; trade in services; services; goods and services; value added; gross exports; tiva; value; forecast; import content,Economy
http://dx.doi.org/10.1787/2222954x|Agriculture durable,Superficie des terres agricoles,superficie des terres agricoles; superficie agricole utilisée:surface agricole utilisée; superficie cultivée; agriculture; terres agricoles; surface agricole; superficie agricole; agriculture durable,Agriculture
http://dx.doi.org/10.1787/data-00039-fr|Transport,Immatriculations de voitures de tourisme,transports; voyageur; passager; voiture; immatriculation; investissement; route; rail; fret; marchandises; maintenance; dépenses; décès; accident mortel; victimes; conteneurs; maritime; aérien,Énergie
http://dx.doi.org/10.1787/data-00685-en|Productivity,GDP per capita growth components,labour productivity; labour utilisation; GDP per hour worked; productivity,Economy
http://dx.doi.org/10.1787/data-00303-en|Employment,Hours worked,working hours; employment; labour; jobs,Jobs
http://stats.oecd.org/Index.aspx?&datasetcode=ITF_GOODS_TRANSPORT&Lang=fr|Transport,Transport de marchandises,transport; route; rail; fret; marchandises; transports; investissement; voyageur; passager; voiture; maintenance; dépenses; décès; accident mortel; victimes; conteneurs; maritime; aérien,Énergie
http://dx.doi.org/10.1787/9789282103975-fr|Transport,Entretien de l'infrastructure,transports; entretien; infrastructure; terrestre; route; rail; dépenses; investissement; voyageur; passager; voiture; fret; marchandises; maintenance; décès; accident mortel; victimes; conteneurs; maritime; aérien,Énergie
http://dx.doi.org/10.1787/data-00262-fr|Fiscalité,Impôt sur les salaires,paiements obligatoires; impôts sur les salaires; charges patronales; charges salariales; impôts; taxation; fiscalité; taxes; recettes fiscales; revenus fiscaux; Modèle de convention fiscale; statistiques des recettes publiques,Gouvernement
http://dx.doi.org/10.1787/18147364|Foreign direct investment (FDI),FDI flows,Foreign; FDI; abroad; flow; inward,outward; direct investment,Economy
http://dx.doi.org/10.1787/data-00625-en|Pensions,Gross pension wealth,old age; retirement; gross pension wealth; elderly; benefits; earnings; pensioners; life expectancy; pension age; pension; retiree; allowance; subsidy,Finance
http://dx.doi.org/10.1787/data-00017-fr|Produit intérieur,PIB trimestriel,produit intérieur brut; PIB; investissement; FBCF; valeur ajoutée,Économie
http://dx.doi.org/10.1787/data-00265-en|Tax,Tax wedge,tax wedge; tax on average worker; total labour cost; labour cost ratio; Tax; Taxation; Tax revenue; model tax convention; revenue statistics; taxing wages,Government
http://dx.doi.org/10.1787/9789264195929-en|Monetary aggregates,Broad money (M3),money; monetary; aggregate; M3; inflation; PPP; broad; narrow; M1,Finance
http://dx.doi.org/10.1787/9789264045743-en|Foreign direct investment (FDI),FDI flows,Foreign; FDI; abroad; flow; inward,outward; direct investment,Economy
http://www.oecd.org/std/na/new-standards-for-compiling-national-accounts-SNA2008-OECDSB20.pdf|National income,Net lending/borrowing by sector,lending; borrowing; household; corporate; general government; income; national accounts,Economy
http://www.oecd.org/migration/mig/OECD%20Migration%20Policy%20Debates%20Numero%201.pdf|Migration,Stocks of foreign-born population in OECD countries,migration; migrant; immigration; emigration; flow; transfer; wire; immigrants; exits; foreign; native,Society
http://www.oecd.org/std/leading-indicators/compositeleadingindicatorsclifrequentlyaskedquestionsfaqs.htm|Leading indicators,Composite leading indicator (CLI),Composite leading indicator; CLI; confidence; indicator; main economic indicator,Economy
http://dx.doi.org/10.1787/data-00310-fr|Chômage,Taux de chômage des jeunes,jeunes; chômage; chômage des jeunes,Emploi
http://dx.doi.org/10.1787/data-00542-fr|Recours aux soins de santé,Taux de vaccination des enfants,vaccination des enfants; vaccination; enfants; rougeole; diphtérie; tétanos; coqueluche; césarienne; durée des séjours hospitaliers; examens tomodensitométriques (TDM); examens d’imagerie par résonance magnétique (IRM); taux de sortie d’hôpital; consultations médicales; vaccination infantile; vaccination antigrippale,Santé
http://dx.doi.org/10.1787/18151973|Interest rates,Long-term interest rates forecast,long-term; interest; interest rate; forecast; future; short-term; investment,Finance
http://dx.doi.org/10.1787/9789264189560-4-en|International trade,Domestic value added in gross exports,value added; gross exports; tiva; trade; value; trade in goods; goods; trade in services; services; goods and services; forecast; import content,Economy
http://www.oecd.org/migration/mig/OECD%20Migration%20Policy%20Debates%20Numero%202.pdf|Migration,Native-born unemployment,native-born; immigration; unemployment; employment; rate; population; immigrants; migrants; gender; male; female; men; women; migration; migrant; emigration; flow; transfer; wire,Society
http://dx.doi.org/10.1787/data-00322-en|Unemployment,Long-term unemployment rate,unemployment; unemployment rate; long-term unployment rate,Jobs
http://dx.doi.org/10.1787/data-00041-fr|Indicateurs avancés,Confiance des consommateurs,indice de confiance des consommateurs; ICC; consommateur; opinion; ICA; confiance; indicateur; principaux indicateurs économiques,Économie
http://dx.doi.org/10.1787/22217371|Agricultural output,Crop production,crop production; cultivated area; agricultural land area; utilised agricultural area; crop area; crop yield; harvested area; quantity produced; return per hectare; harvested quantity; harvested crop; wheat; coarse grains; rice; oilseeds; tonnes per hectare; crop products; agriculture; crop; livestock; animal; agricultural output,Agriculture
http://dx.doi.org/10.1787/22214399|Health resources,Health spending,health; health care; health expenditure; quality of life; prevention; health spending; health resources; pharmaceutical; medical graduates; nursing graduates,Health
http://dx.doi.org/10.1787/19991266|Youth and the labour market,Youth not in employment, education or training (NEET),youth; NEET; unemployed; lost generation; education; neet; youth not in education or employment,Education
http://dx.doi.org/10.1787/data-00342-en|Migration,Foreign population,foreign; immigration; population; inhabitants; nationality; birth; migration; migrant; emigration; flow; transfer; wire,Society
http://dx.doi.org/10.1787/data-00004-fr|Taux de conversion,Taux de change,taux de change; PPA,Finance
http://dx.doi.org/10.1787/19991460|Information and communication technology (ICT),Access to computers from home,communication; household; internet access; broadband; mobile device; smartphones; computers; goods; services; ICT; value-added; GDP; information; telecommunication; internet; technology; output; employment; employee; job; ICT investment; acquisition; equipment; computer software; hardware; export; exportation,Innovation and Technology
http://dx.doi.org/10.1787/data-00598-en|Air and climate,Air and GHG emissions,climate change; emissions; Air; green house gas; carbon dioxide; CO2; methane; CH4; nitrous oxide; N2O; chlorofluorocarbons; CFCs; hydrofluorocarbons; HFCs; perfluorocarbons; PFCs; sulphur hexafluoride; SF6; sulphur oxides; SOx; nitrogen oxides; NOx; SO2; NO2; GHG; air quality; pollution; PM10; PM2.5; health; air; climate; quality; environment; emission; concentration; carbon; co2,Environment
http://dx.doi.org/10.1787/data-00514-en|Énergie,Approvisionnement en énergie primaire,combustibles; carburants; énergie; production; importation; importations; exportation; exportations; stock; stocks; pouvoir calorifique; charbon; pétrole; soute; soutes; biocarburants; déchets; équivalent pétrole; choc pétrolier; source; électricité; puissance; force,Énergie
http://dx.doi.org/10.1787/9789264129320-en|Insurance,Gross insurance premiums,insurance; gross premium; rate; premium; claim; national insurance; direct insurance,Finance
http://dx.doi.org/10.1787/data-00660-fr|Agriculture durable,Superficie des terres agricoles,superficie des terres agricoles; superficie agricole utilisée:surface agricole utilisée; superficie cultivée; agriculture; terres agricoles; surface agricole; superficie agricole; agriculture durable,Agriculture
http://dx.doi.org/10.1787/data-00535-fr|Prix,Indices des prix à la production (IPP),indices des prix à la production; IPP; producteur; inflation; prix des actions; prix; ipc; ipp; production; niveau des prix; prévisions,Économie
http://dx.doi.org/10.1787/data-00689-fr|Recherche et développement (R-D),Dépenses intérieures brutes de R-D,recherche; chercheur; DIRD; dépense; dépenses; R-D; R&D; innovation; connaissance; savoirs; expérience; expérimental; développement; industrie; services; université; public; privé,Innovation et Technologies
http://dx.doi.org/10.1787/1815199x|Social protection,Public unemployment spending,unemployment; social spending; cash expenditures; unemployed; benefits; replacement income; labour market; wage; social; expenditure; benefit; support; spending; transfer; households; pensions; income support; maternity leave; assistance,Society
http://dx.doi.org/10.1787/9789264179660-fr|Entrepreneuriat,Travailleurs indépendants employeurs,employeurs; travailleurs indépendants; salariés; entrepreneuriat; entrepreneurs; entreprises,Innovation et Technologies
http://dx.doi.org/10.1787/data-00017-en|Domestic product,Quarterly GDP,Gross domestic product; GDP; investment; GFCP; value added,Economy
http://dx.doi.org/10.1787/22217398|Production agricole,Production végétale,production végétale; superficie cultivée; superficie des terres agricoles; surface agricole utile; surface cultivée; rendement des cultures; superficie récoltée; quantité produite; production par hectare; quantité récoltée; récolte; blé; céréales secondaires; riz; graines oléagineuses; tonnes par hectare; cultures; agriculture; culture; végétaux; élevage; animal; animaux; production agricole,Agriculture
http://dx.doi.org/10.1787/9789264201392-en|Inequality,Income inequality,income; income inequality; income distribution; wealth; economic growth; inequality; gini; index; gender,Society
http://dx.doi.org/10.1787/19952899|Leading indicators,Consumer confidence index (CCI),Consumer confidence index; CCI; consumer; opinion; CLI; confidence; indicator; main economic indicator,Economy
http://dx.doi.org/10.1787/data-00571-en|Earnings and wages,Average wages,wages; salaries; earnings,Jobs
http://dx.doi.org/10.1787/22195076|Information and communication technology (ICT),ICT goods exports,ICT; export; exportation; computer software; information technology equipment; computers; hardware; communications equipment; pre-packaged software; customised software; value-added; GDP; information; communication; telecommunication; internet; technology; output; employment; employee; job; ICT investment; acquisition; equipment,Innovation and Technology
http://dx.doi.org/10.1787/16834259-en|Energy,Primary energy supply,fuels; energy; production; import; importation; export; exportation; stock; caloric; coal; oil; bunker; biofuel; waste; oil equivalent; oil shock; source; power; force,Energy
http://dx.doi.org/10.1787/data-00047-fr|Prix,Inflation (IPC),inflation; IPC; taux d'inflation; prix des actions; prix; ipc; ipp; production; niveau des prix; prévisions,Économie
http://dx.doi.org/10.1787/9789264013490-fr|Aide publique au développement (APD),Aide alimentaire,APD; aide au développement; CAD; aide internationale; urgence; sécurité; aide publique au développement; aide publique; pays en développement; financement public; donneurs; aide,Développement
http://dx.doi.org/10.1787/data-00542-en|Health care use,Child vaccination rates,Child immunisation; vaccination; children; Measles; dtp; diphtheria; tetanus; pertussis; whooping cough; Caesarean sections; Length of hospital stay; Computed tomography (CT) exams; Magnetic resonance imaging (MRI) exams; Hospital discharge rates; Doctors' consultations; Child vaccination; Influenza vaccination,Health
http://dx.doi.org/10.1787/data-00312-en|Social protection,Public spending on labour markets,public; expenditure; expenses; spending; cost; payment; investment; unemployment; jobs; labour market; employment services; training; hiring; subsidies; job creation; unemployment benefits; social; benefit; support; transfer; households; pensions; income support; maternity leave; assistance,Society
http://dx.doi.org/10.1787/data-00043-fr|Masse monétaire,Monnaie au sens large (M3),monnaie; monétaire; agrégat; M3; inflation; PPA; masse monétaire; au sens large; au sens strict; M1; agrégat monétaire,Finance
http://dx.doi.org/10.1787/data-00073-fr|Aide publique au développement (APD),APD par secteur,APD; aide au développement; APD par secteur; CAD; aide internationale; aide publique au développement; aide publique; pays en développement; financement public; donneurs; aide,Développement
http://dx.doi.org/10.1787/9789264099623-fr|Migration,Population étrangère,étrangers; immigration; population; habitants; nationalité; naissance; Migration; migrant; émigration; flux; envoi de fonds,Société
http://dx.doi.org/10.1787/9789282103951-en|Transport,Infrastructure maintenance,transport; maintenance; infrastructure; inland; road; rail; spending; investment; passenger; car; freight; goods; death; fatality; accident; expenditure; container; sea; air,Energy
http://dx.doi.org/10.1787/data-00705-en|Agricultural policy,Producer protection,producer nominal protection coefficient; farmer protection; agriculture producer protection; NPC; Producer NPC; border price; reference price; world price; export subsidy; agricultural policy; agricultural payments; government support; agriculture; agriculture support; agricultural holding; farm revenue,Agriculture
http://dx.doi.org/10.1787/22195092|Technologie de l'information et des communications (TIC),Exportations de biens liés aux TIC,TIC; export; exportation; logiciel; technologies de l'information; matériel; matériel de communication; logiciel standard; logiciel sur mesure; valeur ajoutée; PIB; information; communication; télécommunications; Internet; technologies; production; poste; emploi; salarié; investissement dans les TIC; acquisition; équipement,Innovation et Technologies
http://dx.doi.org/10.1787/23081880|Déchets,Déchets municipaux,déchets; collecte; communes; urbanisation; consommation; énergies renouvelables; pollution; gestion; santé; sols; utilisation des terres; paysage; eaux usées; contamination de l'eau; environnement; ordures; recyclage; durable,Environnement
http://dx.doi.org/10.1787/data-00072-en|Official development assistance (ODA),Net ODA,ODA; development assistance; net ODA; development aid; international aid; DAC; Official development assistance; government aid; developing countries; official financing; donors; aid,Development
http://dx.doi.org/10.1787/data-00166-fr|Protection sociale,Dépenses sociales,dépenses sociales; protection sociale; sécurité sociale; social; dépenses; prestations; soutien; transfert; ménage; pensions; garanties de revenu; congé de maternité; aide,Société
http://dx.doi.org/10.1787/20725132|Fiscalité,Coin fiscal,coin fiscal; impôt applicable au salarié moyen; coût total de la main-d'œuvre; ratio des coûts de main-d'œuvre; impôts; taxation; fiscalité; taxes; recettes fiscales; revenus fiscaux; Modèle de convention fiscale; statistiques des recettes publiques; impôts sur les salaires,Gouvernement
http://dx.doi.org/10.1787/data-00590-en|Energy,Nuclear power plants,nuclear plant; energy; grid; construction; electricity; power; source; force,Energy
http://dx.doi.org/10.1787/9789282105931-en|Transport,Passenger car registrations,transport; passenger; car; registration; investment; road; rail; freight; goods; maintenance; spending; death; fatality; accident; expenditure; container; sea; air,Energy
http://dx.doi.org/10.1787/16097408|Household accounts,Household savings forecast,savings; household; forecast,Economy
http://dx.doi.org/10.1787/2226583x|Interest rates,Long-term interest rates forecast,long-term; interest; interest rate; forecast; future; short-term; investment,Finance
http://dx.doi.org/10.1787/data-00287-fr|Démographie,Population,population; demographie,Société
http://dx.doi.org/10.1787/data-00349-en|Health resources,Pharmaceutical spending,spending; prescriptions; medicines; self-medication; medical; expenditure; pharmacists; Pharmaceuticals; hospital; health resources; health expenditure; health spending; pharmaceutical; medical graduates; nursing graduates,Health
http://dx.doi.org/10.1787/data-00182-fr|Recherche et développement (R-D),Dépenses intérieures brutes de R-D,recherche; chercheur; DIRD; dépense; dépenses; R-D; R&D; innovation; connaissance; savoirs; expérience; expérimental; développement; industrie; services; université; public; privé,Innovation et Technologies
http://dx.doi.org/10.1787/data-00513-en|Energy,Crude oil production,energy,crude oil; production; resources; reserve; unconventional oil; sand; coal; biomass; natural gas; oil shock; energy; source; power; force,Energy
http://dx.doi.org/10.1787/19900686|Énergie,Centrales nucléaires,centrale nucléaire; énergie; réseau; construction; électricité; puissance; source; force,Énergie
http://dx.doi.org/10.1787/22258000|International trade,Trade in services,trade in services; services; trade; trade in goods; goods; goods and services; value added; gross exports; tiva; value; forecast; import content,Economy
http://dx.doi.org/10.1787/data-00689-en|Research and development (R&D),Gross domestic spending on R&D,Research; researcher; GERD; expenditure; RD; R&D; innovation; knowledge; experiment; development; research; searcher; industry; service; university; public; private,Innovation and Technology
http://dx.doi.org/10.1787/118143571177|Leading indicators,Composite leading indicator (CLI),Composite leading indicator; CLI; confidence; indicator; main economic indicator,Economy
http://dx.doi.org/10.1787/data-00648-en|International trade,Import content of exports,GVC; global value chain; participation in global value chains; foreign inputs; backward participation; domestically-produced inputs used in third countries' exports; forward participation; participation index; Import content; exports; trade in goods; goods; trade; trade in services; services; goods and services; value added; gross exports; tiva; value; forecast; import content,Economy
http://dx.doi.org/10.1787/mig-data-en|Migration,Permanent immigrant inflows,permanent establishment; immigrant; foreign; population; migration flows; movement; migration; migrant; immigration; emigration; flow; transfer; wire,Society
http://dx.doi.org/10.1787/20747721|Official development assistance (ODA),Net ODA,ODA; development assistance; net ODA; development aid; international aid; DAC; Official development assistance; government aid; developing countries; official financing; donors; aid,Development
http://dx.doi.org/10.1787/data-00369-en|National income,Net lending/borrowing by sector,lending; borrowing; household; corporate; general government; income; national accounts,Economy
http://stats.oecd.org/Index.aspx?&datasetcode=ITF_INV-MTN_DATA&Lang=fr|Transport,Entretien de l'infrastructure,transports; entretien; infrastructure; terrestre; route; rail; dépenses; investissement; voyageur; passager; voiture; fret; marchandises; maintenance; décès; accident mortel; victimes; conteneurs; maritime; aérien,Énergie
http://dx.doi.org/10.1787/1999155x|Forest,Forest resources,Forest; ecosystem; environment; ecology; wood; felling; increased; Agroforestry; Biodiversity; grove; cutting; swath; Conifers; variety; Plot; tree,Environment
http://dx.doi.org/10.1787/data-00302-fr|Salaires,Niveaux de salaires,bas salaires; hauts salaires; salaire; salaires; traitement; revenus,Emploi
http://dx.doi.org/10.1787/data-00525-fr|Population par région,Répartition de la surface nationale,répartition de la surface nationale; démographie régionale; population régionale; population rurale; population urbaine; population métropolitaine; population des villes; population par région,Société
http://dx.doi.org/10.1787/data-00225-fr|Pêcheries,Production de l'aquaculture,production de l'aquaculture; production aquacole; aquaculture; pêcheries; pêche,Agriculture
http://dx.doi.org/10.1787/data-00046-fr|Emploi,Emploi par activité,emploi; activités; secteurs; industries; main-d'œuvre; emplois,Emploi
http://dx.doi.org/10.1787/19991312|Health resources,Medical graduates,medical graduates; doctor; student; health resources; health expenditure; health spending; pharmaceutical; nursing graduates,Health
http://dx.doi.org/10.1787/data-00698-fr|Ressources en éducation,Enseignants,établissement scolaire; enseignant; enseigner; éducation; enseignement; classe; élèves; salle de classe; dépenses; public; privé; salaire; heures; préparation; femmes; chef d’établissement,Éducation
http://dx.doi.org/10.1787/19963726|Fiscalité,Impôt sur les salaires,paiements obligatoires; impôts sur les salaires; charges patronales; charges salariales; impôts; taxation; fiscalité; taxes; recettes fiscales; revenus fiscaux; Modèle de convention fiscale; statistiques des recettes publiques,Gouvernement
http://dx.doi.org/10.1787/data-00303-fr|Emploi,Heures travaillées,heures travaillées; heures ouvrées; emploi; main-d'œuvre; emplois,Emploi
http://dx.doi.org/10.1787/2225207x|Insurance,Insurance spending,insurance; spending; rate; premium; claim; national insurance; direct insurance,Finance
http://dx.doi.org/10.1787/1990004x|Agricultural policy,Producer protection,producer nominal protection coefficient; farmer protection; agriculture producer protection; NPC; Producer NPC; border price; reference price; world price; export subsidy; agricultural policy; agricultural payments; government support; agriculture; agriculture support; agricultural holding; farm revenue,Agriculture
http://dx.doi.org/10.1787/22214461|General government,General government financial wealth,financial net worth; general government; government,Government
http://dx.doi.org/10.1787/data-00518-fr|Pensions,Actifs des pensions privées,vieillesse; retraité; investissement; pensions; prestations; revenu de remplacement; revenu minimum; droit à la retraite; retraite; personnes âgées; financement; allocations; subvention,Finance
http://dx.doi.org/10.1787/16843428|Protection sociale,Dépenses publiques consacrées aux marchés du travail,dépense publique; dépenses; coûts; paiement; investissement, chômage; emplois, marché du travail; services de placement; formation; embauche; aides à l’embauche; création d’emplois; prestations de chômage; social; prestations; soutien; transfert; ménage; pensions; garanties de revenu; congé de maternité; aide,Société
http://dx.doi.org/10.1787/data-00541-en|Health resources,Medical graduates,medical graduates; doctor; student; health resources; health expenditure; health spending; pharmaceutical; nursing graduates,Health
http://stats.oecd.org/Index.aspx?DataSetCode=GVC_INDICATORS&Lang=fr|Échanges internationaux,Contenu en importations des exportations,CVM; chaîne de valeur mondiale; participation aux chaînes de valeur mondiales; intrants étrangers; participation en amont; intrants locaux incorporés dans les exportations de pays tiers; participation en aval; indice de participation; Contenu en importations; exportations; échanges de biens; biens; échanges; échanges de services; services; biens et services; valeur ajoutée; exportations brutes; ÉVA; valeur; prévisions; contenu; importation,Économie
http://dx.doi.org/10.1787/eag_highlights-2011-37-en|International student assessment (PISA),Mathematics performance (PISA),pisa; pisa 2012; mathematics; maths; PISA; education; score; ability; science; reading; literacy; PISA 2012,Education
http://dx.doi.org/10.1787/data-00333-fr|Assurance,Part nationale du marché de l'assurance,assurance; marché de l'assurance; assurance nationale; taux; prime; sinistre; assurances nationales; assurance directe,Finance
http://dx.doi.org/10.1787/data-00536-fr|Prix,Indices des niveaux de prix,prix; niveau; indice; niveau des prix; inflation; prix des actions; ipc; ipp; production; prévisions,Économie
http://dx.doi.org/10.1787/9789264188396-en|Insurance,Gross direct insurance premiums,insurance; gross premium; direct insurance; rate; premium; claim; national insurance,Finance
http://dx.doi.org/10.1787/data-00585-fr|Aide publique au développement (APD),Aide programmable par pays (APP),aide-pays; aide régionale; aide bilatérale; bénéficiaires de l'aide; opérations; APD; aide internationale; aide au développement; CAD; aide publique au développement; aide publique; pays en développement; financement public; donneurs; aide,Développement
10.1787/data-00722-en|Migration,Taux d'emploi des allochtones,allochtone; immigration; emploi; chômage; taux; population; immigrés; migrants; sexe; homme; femme; hommes; femmes; Migration; migrant; émigration; flux; envoi de fonds,Société
http://dx.doi.org/10.1787/19990073|Population par région,Répartition de la surface nationale,répartition de la surface nationale; démographie régionale; population régionale; population rurale; population urbaine; population métropolitaine; population des villes; population par région,Société
http://dx.doi.org/10.1787/23130873|Échanges internationaux,Échanges de biens et services,échanges de biens; biens; échanges; échanges de services; services; biens et services; valeur ajoutée; exportations brutes; ÉVA; valeur; prévisions; contenu; importation,Économie
http://dx.doi.org/10.1787/9789264177444-en|Leading indicators,Consumer confidence index (CCI),Consumer confidence index; CCI; consumer; opinion; CLI; confidence; indicator; main economic indicator,Economy
http://dx.doi.org/10.1787/data-00182-en|Research and development (R&D),Gross domestic spending on R&D,Research; researcher; GERD; expenditure; RD; R&D; innovation; knowledge; experiment; development; research; searcher; industry; service; university; public; private,Innovation and Technology
http://dx.doi.org/10.1787/data-00047-en|Prices,Inflation (CPI),Inflation; CPI; inflation rate; inflation; share prices; prices; cpi; ppi; producer; price level; forecast,Economy
http://dx.doi.org/10.1787/22195025|Masse monétaire,Monnaie au sens large (M3),monnaie; monétaire; agrégat; M3; inflation; PPA; masse monétaire; au sens large; au sens strict; M1; agrégat monétaire,Finance
http://dx.doi.org/10.1787/9789264120914-5-en|Insurance,National insurance market share,insurance; market share; national insurance; rate; premium; claim; direct insurance,Finance
http://dx.doi.org/10.1787/19900821|Insurance,Gross direct insurance premiums,insurance; gross premium; direct insurance; rate; premium; claim; national insurance,Finance
http://www.oecd.org/std/its/trade-by-enterprise-characteristics.htm|International trade,Imports by business size,imports; imports by business size; trade; enterprise characteristics; TEC; trade by enterprise characteristics; trade in goods; goods; trade in services; services; goods and services; value added; gross exports; tiva; value; forecast; import content,Economy
http://dx.doi.org/10.1787/22246223|Eau,Prélèvements d'eau,eau; prélèvements; prélèvement; ressources; extraction; irrigation; canalisation; sécheresse; inondation; stock; stocks; environnement; eau douce,Environnement
http://dx.doi.org/10.1787/data-00607-fr|Productivité,Coûts unitaires de main-d’œuvre,coût unitaire de la main-d'œuvre; coûts unitaires de main-d'œuvre; productivité; productivité du travail,Économie
http://dx.doi.org/10.1787/22195114|Produit intérieur,PIB trimestriel,produit intérieur brut; PIB; investissement; FBCF; valeur ajoutée,Économie
http://dx.doi.org/10.1787/221128317344|Monetary aggregates,Broad money (M3),money; monetary; aggregate; M3; inflation; PPP; broad; narrow; M1,Finance
http://dx.doi.org/10.1787/9789264179370-en|Entrepreneurship,Self-employed with employees,employers; self-employed; employees; enprepreneurship; entrepreneurs; business,Innovation and Technology
http://dx.doi.org/10.1787/data-00223-fr|Pêcheries,Débarquements de poisson,débarquements de poisson; pêche; capture marine; capture de poissons; prises; pêcheries; aquaculture,Agriculture
http://dx.doi.org/10.1787/9789264067752-fr|Produit intérieur,Investissement (FBCF),investissement; FBCF; formation brute de capital fixe; produit intérieur brut; PIB; valeur ajoutée,Économie
http://dx.doi.org/10.1787/9789282103340-fr|Transport,Transport conteneurisé,transports; mer; maritime; rail; fret; marchandises; conteneurs; EVP; investissement; voyageur; passager; voiture; route; maintenance; dépenses; décès; accident mortel; victimes; aérien,Énergie
http://dx.doi.org/10.1787/23083387|Demography,Working age population,population; working age population; demography,Society
http://dx.doi.org/10.1787/data-00045-fr|Échanges internationaux,Échanges de biens et services,échanges de biens; biens; échanges; échanges de services; services; biens et services; valeur ajoutée; exportations brutes; ÉVA; valeur; prévisions; contenu; importation,Économie
http://dx.doi.org/10.1787/9789264068476-en|Domestic product,Investment (GFCF),investment; gfcf; gross fixed capital formation; Gross domestic product; GDP; GFCP; value added,Economy
http://dx.doi.org/10.1787/data-00338-fr|Investissement direct international (IDI),Flux d'IDI,à l'étranger; de l'étranger; IDE; international; flux; entrant,sortant; investissement direct,Économie
http://dx.doi.org/10.1787/18147372|Investissement direct international (IDI),Flux d'IDI,à l'étranger; de l'étranger; IDE; international; flux; entrant,sortant; investissement direct,Économie
http://dx.doi.org/10.1787/data-00002-fr|Revenu national,Revenu national brut (RNB),revenu national brut; RNB; revenu; comptes nationaux; comptabilité nationale,Économie
http://dx.doi.org/10.1787/data-00299-en|Employment,Part-time employment rate,employment; employment rate; part-time employment rates; labour; jobs,Jobs
http://dx.doi.org/10.1787/data-00365-en|International student assessment (PISA),Mathematics performance (PISA),pisa; pisa 2012; mathematics; maths; PISA; education; score; ability; science; reading; literacy; PISA 2012,Education
http://dx.doi.org/10.1787/23129662|Ressources en éducation,Enseignants,établissement scolaire; enseignant; enseigner; éducation; enseignement; classe; élèves; salle de classe; dépenses; public; privé; salaire; heures; préparation; femmes; chef d’établissement,Éducation
http://dx.doi.org/10.1787/19962932|Energy,Nuclear power plants,nuclear plant; energy; grid; construction; electricity; power; source; force,Energy
http://dx.doi.org/10.1787/9789264044210-fr|Inégalité,Inégalité de revenu,revenu; inégalité de revenu; distribution du revenu; richesse; croissance économique; inégalité; gini; indice; patrimoine; genre,Société
http://dx.doi.org/10.1787/19901038|Protection sociale,Dépenses publiques consacrées aux marchés du travail,dépense publique; dépenses; coûts; paiement; investissement, chômage; emplois, marché du travail; services de placement; formation; embauche; aides à l’embauche; création d’emplois; prestations de chômage; social; prestations; soutien; transfert; ménage; pensions; garanties de revenu; congé de maternité; aide,Société
http://www.oecd.org/std/prices-ppp/ppps-2011-benchmark-year.htm|Conversion rates,Purchasing power parities (PPP),ppp; purchasing power parities; exchange rate,Finance
http://dx.doi.org/10.1787/data-00433-en|Air and climate,Air and GHG emissions,climate change; emissions; Air; green house gas; carbon dioxide; CO2; methane; CH4; nitrous oxide; N2O; chlorofluorocarbons; CFCs; hydrofluorocarbons; HFCs; perfluorocarbons; PFCs; sulphur hexafluoride; SF6; sulphur oxides; SOx; nitrogen oxides; NOx; SO2; NO2; GHG; air quality; pollution; PM10; PM2.5; health; air; climate; quality; environment; emission; concentration; carbon; co2,Environment
http://dx.doi.org/10.1787/edu-db-data-fr|Jeunes et le marché du travail,Jeunes déscolarisés sans emploi (NEET),jeunes; NEET; sans emploi; génération perdue; éducation; neet; chômeurs; jeunes déscolarisés et sans emploi,Éducation
http://dx.doi.org/10.1787/data-00602-en|Water,Water withdrawals,water; abstraction; withdrawal; resources; extraction; irrigation; pipe:drought; flood; resource; stock; environment; freshwater,Environment
http://dx.doi.org/10.1787/9789264208780-en|International student assessment (PISA),Mathematics performance (PISA),pisa; pisa 2012; mathematics; maths; PISA; education; score; ability; science; reading; literacy; PISA 2012,Education
http://dx.doi.org/10.1787/9789264199040-en|Research and development (R&D),Gross domestic spending on R&D,Research; researcher; GERD; expenditure; RD; R&D; innovation; knowledge; experiment; development; research; searcher; industry; service; university; public; private,Innovation and Technology
http://dx.doi.org/10.1787/data-00594-en|Air and climate,Air and GHG emissions,climate change; emissions; Air; green house gas; carbon dioxide; CO2; methane; CH4; nitrous oxide; N2O; chlorofluorocarbons; CFCs; hydrofluorocarbons; HFCs; perfluorocarbons; PFCs; sulphur hexafluoride; SF6; sulphur oxides; SOx; nitrogen oxides; NOx; SO2; NO2; GHG; air quality; pollution; PM10; PM2.5; health; air; climate; quality; environment; emission; concentration; carbon; co2,Environment
http://dx.doi.org/10.1787/22214364|Revenu national,Capacité/besoin de financement par secteur,prêts; emprunts; financement; ménages; entreprises; administrations publiques; revenu; comptes nationaux; comptabilité nationale,Économie
http://dx.doi.org/10.1787/edu-data-en|Employment,Employment by education level,employment; educational attaintment; labour; jobs,Jobs
http://dx.doi.org/10.1787/data-00043-en|Monetary aggregates,Broad money (M3),money; monetary; aggregate; M3; inflation; PPP; broad; narrow; M1,Finance
http://dx.doi.org/10.1787/data-00686-en|Productivity,Labour compensation per hour worked,labour compensation; productivity; labour productivity,Economy
http://stats.oecd.org/Index.aspx?DataSetCode=GVC_INDICATORS|International trade,Import content of exports,GVC; global value chain; participation in global value chains; foreign inputs; backward participation; domestically-produced inputs used in third countries' exports; forward participation; participation index; Import content; exports; trade in goods; goods; trade; trade in services; services; goods and services; value added; gross exports; tiva; value; forecast; import content,Economy
http://dx.doi.org/10.1787/22254323|Fisheries,Fish landings,fish landings; fish capture; marine capture; fishing; catch; fisheries; aquaculture,Agriculture
http://dx.doi.org/10.1787/data-00517-en|Pensions,Private pension assets,Old age; retiree; investment; pensions; benefits; replacement income; guarantee income; pensionable; retirement; elderly people; finance; pension; allowance; subsidy,Finance
http://dx.doi.org/10.1787/9789264299047-fr|Recherche et développement (R-D),Dépenses intérieures brutes de R-D,recherche; chercheur; DIRD; dépense; dépenses; R-D; R&D; innovation; connaissance; savoirs; expérience; expérimental; développement; industrie; services; université; public; privé,Innovation et Technologies
http://dx.doi.org/10.1787/data-00723-en|Entrepreneurship,Self-employed with employees,employers; self-employed; employees; enprepreneurship; entrepreneurs; business,Innovation and Technology
http://dx.doi.org/10.1787/data-00042-en|Leading indicators,Composite leading indicator (CLI),Composite leading indicator; CLI; confidence; indicator; main economic indicator,Economy
http://dx.doi.org/10.1787/data-00166-en|Social protection,Family benefits public spending,social; expenditure; benefit; support; spending; transfer; households; income support; maternity leave; assistance; children; families; pensions,Society
http://dx.doi.org/10.1787/data-00612-fr|Échanges internationaux,Importations par taille d'entreprise,importations; importations par taille des entreprises; échanges; caractéristique d’entreprise; CCE; commerce par caractéristique d’entreprise; échanges de biens; biens; échanges de services; services; biens et services; valeur ajoutée; exportations brutes; ÉVA; valeur; prévisions; contenu; importation,Économie
http://dx.doi.org/10.1787/19991320|Ressources pour la santé,Titulaires d’un diplôme de médecin,titulaires d’un diplôme de médecin; médecin; étudiant; étudiante; ressources pour la santé; dépenses de santé; produits pharmaceutiques; titulaires d’un diplôme d’infirmier; titulaires d’un diplôme d’infirmière,Santé
http://dx.doi.org/10.1787/19991592|Entrepreneurship,Employees by business size,employees; employees by business size; entrepreneurship; buisness demography; enprepreneurship; entrepreneurs; business,Innovation and Technology
http://dx.doi.org/10.1787/data-00705-fr|Politique agricole,Protection des producteurs,coefficient nominal de protection des producteurs; protection des agriculteurs; protection des producteurs agricoles; CNP; CNP des producteurs; prix à la frontière; prix de référence; prix mondial; subvention à l'exportation; politique agricole; paiements agricoles; soutien public; agriculture; soutien à l'agriculture; exploitation agricole; revenu agricole,Agriculture
http://dx.doi.org/10.1787/data-00349-fr|Ressources pour la santé,Dépenses pharmaceutiques,dépenses; ordonnances; médicaments; auto-médication; médical; pharmaciens; produits pharmaceutiques; hôpital; ressources pour la santé; dépenses de santé; titulaires d’un diplôme de médecin; titulaires d’un diplôme d’infirmier; titulaires d’un diplôme d’infirmière,Santé
http://dx.doi.org/10.1787/22266968|Productivité,Composantes de la croissance du PIB par habitant,productivité du travail; utilisation de la main-d'œuvre; PIB par heure travaillée; productivité,Économie
http://dx.doi.org/10.1787/data-00541-fr|Ressources pour la santé,Titulaires d’un diplôme de médecin,titulaires d’un diplôme de médecin; médecin; étudiant; étudiante; ressources pour la santé; dépenses de santé; produits pharmaceutiques; titulaires d’un diplôme d’infirmier; titulaires d’un diplôme d’infirmière,Santé
http://dx.doi.org/10.1787/data-00287-en|Demography,Population,population; demography,Society
http://dx.doi.org/10.1787/22252126|Productivity,GDP per capita growth components,labour productivity; labour utilisation; GDP per hour worked; productivity,Economy
http://dx.doi.org/10.1787/data-00590-fr|Énergie,Centrales nucléaires,centrale nucléaire; énergie; réseau; construction; électricité; puissance; source; force,Énergie
http://dx.doi.org/10.1787/9789264099104-en|Migration,Foreign population,foreign; immigration; population; inhabitants; nationality; birth; migration; migrant; emigration; flow; transfer; wire,Society
http://dx.doi.org/10.1787/data-00365-fr|Évaluation internationale des élèves (PISA),Compétences en mathématiques (PISA),pisa; pisa 2012; mathématiques; maths; PISA; éducation; score; capacités; sciences; compréhension de l'écrit; compétences de base; PISA 2012,Éducation
http://dx.doi.org/10.1787/data-00299-fr|Emploi,Taux d'emploi à temps partiel,emploi; taux d'emploi; taux d'emploi à temps partiel; main-d'œuvre; emplois,Emploi
http://dx.doi.org/10.1787/data-00729-en|Household accounts,Household savings forecast,savings; household; forecast,Economy
http://www.oecd.org/std/thestatisticsbrief.htm|Conversion rates,Purchasing power parities (PPP),ppp; purchasing power parities; exchange rate,Finance
http://dx.doi.org/10.1787/19962835-en|Energy,Electricity generation,energy; electricity; production; fuel; natural resources; electrification rate; autoproducer; geothermal; biofuels; source; power; force,Energy
http://dx.doi.org/10.1787/data-00041-en|Leading indicators,Consumer confidence index (CCI),Consumer confidence index; CCI; consumer; opinion; CLI; confidence; indicator; main economic indicator,Economy
http://dx.doi.org/10.1787/data-00598-fr|Air et climat,Émissions de GES et de polluants de l'air,changement climatique; émissions; air; gaz à effet de serre; dioxyde de carbone; CO2; méthane; CH4; hémioxyde d'azote; N2O; chlorofluorocarbones; CFC; hydrofluorocarbones; HFC; perfluorocarbones; PFC; hexafluorure de soufre; SF6; oxydes de soufre; SOx; oxydes d'azote; NOx; SO2; NO2; GES; qualité de l'air; pollution; PM10; PM2.5; santé; climat; qualité; environnement; émission; concentration; carbone; co2,Environnement
http://dx.doi.org/10.1787/data-00223-en|Fisheries,Fish landings,fish landings; fish capture; marine capture; fishing; catch; fisheries; aquaculture,Agriculture
http://dx.doi.org/10.1787/9789264044616-en|Productivity,GDP per hour worked,Gross Domestic Product (GDP) per hour worked; productivity; labour productivity,Economy
http://dx.doi.org/10.1787/data-00369-fr|Revenu national,Capacité/besoin de financement par secteur,prêts; emprunts; financement; ménages; entreprises; administrations publiques; revenu; comptes nationaux; comptabilité nationale,Économie
http://dx.doi.org/10.1787/9789282107782-en|Transport,Freight transport,transport; road; rail; freight; goods; investment; passenger; car; maintenance; spending; death; fatality; accident; expenditure; container; sea; air,Energy
http://dx.doi.org/10.1787/data-00286-en|Demography,Working age population,population; working age population; demography,Society
http://dx.doi.org/10.1787/data-00604-en|Water,Waste water treatment,Sewage; treatment; process; physical; biological; chemical; environment; safe; drinking water; water supplies; pipe; septik tank; cesspool; trash; sludge; overflow; scum; water; resource; stock; freshwater,Environment
http://dx.doi.org/10.1787/data-00540-fr|État de santé,Espérance de vie à 65 ans,espérance de vie à 65 ans; qualité de la vie; nombre d’années; mortalité; longévité; décès; état de santé; espérance de vie; cancer; suicide; mortalité infantile; mortalité prématurée,Santé
http://dx.doi.org/10.1787/data-00225-en|Fisheries,Aquaculture production,aquaculture; aquaculture production; fisheries; fishing,Agriculture
http://dx.doi.org/10.1787/9789282106013-fr|Transport,Transport de marchandises,transport; route; rail; fret; marchandises; transports; investissement; voyageur; passager; voiture; maintenance; dépenses; décès; accident mortel; victimes; conteneurs; maritime; aérien,Énergie
http://dx.doi.org/10.1787/20725124|Tax,Tax wedge,tax wedge; tax on average worker; total labour cost; labour cost ratio; Tax; Taxation; Tax revenue; model tax convention; revenue statistics; taxing wages,Government
http://dx.doi.org/10.1787/2307437x|Foreign direct investment (FDI),FDI flows,Foreign; FDI; abroad; flow; inward,outward; direct investment,Economy
http://stats.oecd.org/Index.aspx?&datasetcode=ITF_INV-MTN_DATA|Transport,Infrastructure maintenance,transport; maintenance; infrastructure; inland; road; rail; spending; investment; passenger; car; freight; goods; death; fatality; accident; expenditure; container; sea; air,Energy
http://dx.doi.org/10.1787/data-00698-en|Education resources,Teachers,School; teacher; teach; education; class; pupil; classroom; student; spending; public; private; salary; hours; teaching; preparation; women; principal,Education
http://dx.doi.org/10.1787/9789264120983-en|Population by region,National area distribution,national area distribution; regional demographics; regional population; rural population; urban population; metropolitain population; city population; region population,Society
http://dx.doi.org/10.1787/eag_highlights-2011-37-fr|Évaluation internationale des élèves (PISA),Compétences en mathématiques (PISA),pisa; pisa 2012; mathématiques; maths; PISA; éducation; score; capacités; sciences; compréhension de l'écrit; compétences de base; PISA 2012,Éducation
http://dx.doi.org/10.1787/data-00284-en|Entrepreneurship,Employees by business size,employees; employees by business size; entrepreneurship; buisness demography; enprepreneurship; entrepreneurs; business,Innovation and Technology
http://dx.doi.org/10.1787/19991142|Agricultural output,Crop production,crop production; cultivated area; agricultural land area; utilised agricultural area; crop area; crop yield; harvested area; quantity produced; return per hectare; harvested quantity; harvested crop; wheat; coarse grains; rice; oilseeds; tonnes per hectare; crop products; agriculture; crop; livestock; animal; agricultural output,Agriculture
http://ec.europa.eu/economy_finance/db_indicators/surveys/documents/userguide_en.pdf|Leading indicators,Consumer confidence index (CCI),Consumer confidence index; CCI; consumer; opinion; CLI; confidence; indicator; main economic indicator,Economy
http://dx.doi.org/10.1787/data-00073-en|Official development assistance (ODA),ODA by sector,ODA; development assistance; ODA by sector; development aid; DAC; international aid; Official development assistance; government aid; developing countries; official financing; donors; aid,Development
http://dx.doi.org/10.1787/23062339|Fisheries,Fish landings,fish landings; fish capture; marine capture; fishing; catch; fisheries; aquaculture,Agriculture
http://dx.doi.org/10.1787/data-00312-fr|Protection sociale,Dépenses publiques consacrées aux marchés du travail,dépense publique; dépenses; coûts; paiement; investissement, chômage; emplois, marché du travail; services de placement; formation; embauche; aides à l’embauche; création d’emplois; prestations de chômage; social; prestations; soutien; transfert; ménage; pensions; garanties de revenu; congé de maternité; aide,Société
http://dx.doi.org/10.1787/9789264044197-en|Inequality,Income inequality,income; income inequality; income distribution; wealth; economic growth; inequality; gini; index; gender,Society
http://dx.doi.org/10.1787/data-00686-fr|Productivité,Rémunération horaire,rémunération du travail; productivité; productivité du travail,Économie
http://dx.doi.org/10.1787/data-00607-en|Productivity,Unit labour costs,unit labour cost; productivity; labour productivity,Economy
http://dx.doi.org/10.1787/19991495|Emploi,Emploi par niveau d’études,emploi; niveau d’études; niveau d’instruction; main-d'œuvre; emplois,Emploi
http://dx.doi.org/10.1787/19991363|Pensions,Gross pension wealth,old age; retirement; gross pension wealth; elderly; benefits; earnings; pensioners; life expectancy; pension age; pension; retiree; allowance; subsidy,Finance
http://dx.doi.org/10.1787/22214488|Administration publique,Richesse financière des administrations publiques,richesse financière nette; administrations publiques; administration publique,Gouvernement
http://dx.doi.org/10.1787/2225885x|Échanges internationaux,Échanges de services,échanges de services; services; échanges; échanges de biens; biens; biens et services; valeur ajoutée; exportations brutes; ÉVA; valeur; prévisions; contenu; importation,Économie
http://dx.doi.org/10.1787/data-00699-en|Agricultural output,Crop production,crop production; cultivated area; agricultural land area; utilised agricultural area; crop area; crop yield; harvested area; quantity produced; return per hectare; harvested quantity; harvested crop; wheat; coarse grains; rice; oilseeds; tonnes per hectare; crop products; agriculture; crop; livestock; animal; agricultural output,Agriculture
http://dx.doi.org/10.1787/int_trade-v2014-1-fr|Échanges internationaux,Importations par taille d'entreprise,importations; importations par taille des entreprises; échanges; caractéristique d’entreprise; CCE; commerce par caractéristique d’entreprise; échanges de biens; biens; échanges de services; services; biens et services; valeur ajoutée; exportations brutes; ÉVA; valeur; prévisions; contenu; importation,Économie
http://dx.doi.org/10.1787/9789264167537-en|Migration,Native-born unemployment,native-born; immigration; unemployment; employment; rate; population; immigrants; migrants; gender; male; female; men; women; migration; migrant; emigration; flow; transfer; wire,Society
http://dx.doi.org/10.1787/23137649|Pensions,Gross pension wealth,old age; retirement; gross pension wealth; elderly; benefits; earnings; pensioners; life expectancy; pension age; pension; retiree; allowance; subsidy,Finance
http://dx.doi.org/10.1787/23062347|Pêcheries,Débarquements de poisson,débarquements de poisson; pêche; capture marine; capture de poissons; prises; pêcheries; aquaculture,Agriculture
http://dx.doi.org/10.1787/20725345|International trade,Import content of exports,GVC; global value chain; participation in global value chains; foreign inputs; backward participation; domestically-produced inputs used in third countries' exports; forward participation; participation index; Import content; exports; trade in goods; goods; trade; trade in services; services; goods and services; value added; gross exports; tiva; value; forecast; import content,Economy
http://dx.doi.org/10.1787/16843436|Comptes des ménages,Prévisions des taux d’épargne des ménages,épargne; ménages; prévisions; ménage,Économie
http://dx.doi.org/10.1787/19900090|Forest,Forest resources,Forest; ecosystem; environment; ecology; wood; felling; increased; Agroforestry; Biodiversity; grove; cutting; swath; Conifers; variety; Plot; tree,Environment
http://dx.doi.org/10.1787/data-00546-fr|Risques pour la santé,Consommation d'alcool,alcool; consommation d'alcool; accidents de la route; risques pour la santé,Santé
http://dx.doi.org/10.1787/9789264034273-fr|Échanges internationaux,Contenu en importations des exportations,CVM; chaîne de valeur mondiale; participation aux chaînes de valeur mondiales; intrants étrangers; participation en amont; intrants locaux incorporés dans les exportations de pays tiers; participation en aval; indice de participation; Contenu en importations; exportations; échanges de biens; biens; échanges; échanges de services; services; biens et services; valeur ajoutée; exportations brutes; ÉVA; valeur; prévisions; contenu; importation,Économie
http://dx.doi.org/10.1787/edu-db-data-en|Youth and the labour market,Youth not in employment, education or training (NEET),youth; NEET; unemployed; lost generation; education; neet; youth not in education or employment,Education
http://dx.doi.org/10.1787/data-00446-en|Énergie,Prix du pétrole brut à l'importation,énergie; pétrole brut; production; ressources; réserves; pétrole non conventionnel; sable; charbon; biomasse; gaz naturel; choc pétrolier; prix; source; électricité; puissance; force,Énergie
http://dx.doi.org/10.1787/data-00224-en|Fisheries,Fish landings,fish landings; fish capture; marine capture; fishing; catch; fisheries; aquaculture,Agriculture
http://dx.doi.org/10.1787/data-00648-fr|Échanges internationaux,Contenu en importations des exportations,CVM; chaîne de valeur mondiale; participation aux chaînes de valeur mondiales; intrants étrangers; participation en amont; intrants locaux incorporés dans les exportations de pays tiers; participation en aval; indice de participation; Contenu en importations; exportations; échanges de biens; biens; échanges; échanges de services; services; biens et services; valeur ajoutée; exportations brutes; ÉVA; valeur; prévisions; contenu; importation,Économie
http://dx.doi.org/10.1787/data-00602-fr|Eau,Prélèvements d'eau,eau; prélèvements; prélèvement; ressources; extraction; irrigation; canalisation; sécheresse; inondation; stock; stocks; environnement; eau douce,Environnement
http://dx.doi.org/10.1787/data-00302-en|Earnings and wages,Wage levels,low pay; high pay; wage; salaries; earnings; wages,Jobs
http://dx.doi.org/10.1787/9789264194564-en|Health status,Life expectancy at 65,life expectancy at 65; quality of life; number of years; mortality; longevity; death; health status; life expectancy; cancer; suicide; infant mortality; premature mortality,Health
10.1787/22236716|Investissement direct international (IDI),Flux d'IDI,à l'étranger; de l'étranger; IDE; international; flux; entrant,sortant; investissement direct,Économie
http://dx.doi.org/10.1787/data-00069-fr|Aide publique au développement (APD),Distribution de l'APD nette,APD; aide au développement; répartition de l'APD; aide internationale; CAD; aide publique au développement; aide publique; pays en développement; financement public; donneurs; aide,Développement
http://dx.doi.org/10.1787/data-00594-fr|Air et climat,Émissions de GES et de polluants de l'air,changement climatique; émissions; air; gaz à effet de serre; dioxyde de carbone; CO2; méthane; CH4; hémioxyde d'azote; N2O; chlorofluorocarbones; CFC; hydrofluorocarbones; HFC; perfluorocarbones; PFC; hexafluorure de soufre; SF6; oxydes de soufre; SOx; oxydes d'azote; NOx; SO2; NO2; GES; qualité de l'air; pollution; PM10; PM2.5; santé; climat; qualité; environnement; émission; concentration; carbone; co2,Environnement
http://www.oecd.org/dac/stats/beyond-oda.htm|Development resource flows,Other official flows (OOF),Other official flows; OOF; aid recipients; aid transactions; ODA; development aid; international aid; development assistance; DAC; Official development finance; ODF; aid inflow; official development assistance; grants; concessional development lending; non concessional development lending; Other Official Flows; oof; aid,Development
http://dx.doi.org/10.1787/data-00048-en|Industry,Industrial production,industrial production; industry; entrepreneurship,Innovation and Technology
http://www.imf.org/external/pubs/ft/mfs/manual/|Monetary aggregates,Broad money (M3),money; monetary; aggregate; M3; inflation; PPP; broad; narrow; M1,Finance
http://dx.doi.org/10.1787/data-00547-en|Demography,Fertility rates,fertility; fertility rate; population; demography,Society
http://dx.doi.org/10.1787/data-00654-en|Inequality,Income inequality,income; income inequality; income distribution; wealth; economic growth; inequality; gini; index; gender,Society
http://stats.oecd.org/Index.aspx?DataSetCode=MIG_UNEMP_GENDER|Migration,Native-born unemployment,native-born; immigration; unemployment; employment; rate; population; immigrants; migrants; gender; male; female; men; women; migration; migrant; emigration; flow; transfer; wire,Society
http://dx.doi.org/10.1787/9789282105993-fr|Transport,Immatriculations de voitures de tourisme,transports; voyageur; passager; voiture; immatriculation; investissement; route; rail; fret; marchandises; maintenance; dépenses; décès; accident mortel; victimes; conteneurs; maritime; aérien,Énergie
http://dx.doi.org/10.1787/edu-data-fr|Emploi,Emploi par niveau d’études,emploi; niveau d’études; niveau d’instruction; main-d'œuvre; emplois,Emploi
http://dx.doi.org/10.1787/9789264056466-fr|Recherche et développement (R-D),Familles de brevets triadiques,recherche; chercheur; brevet; invention; détenteur de brevet; R-D; R&D; innovation; connaissance; savoirs; expérience; développement; industrie; services; université; public; privé,Innovation et Technologies
http://dx.doi.org/10.1787/23104651|Energy,Crude oil import prices,energy,crude oil; production; resources; reserve; unconventional oil; sand; coal; biomass; natural gas; oil shock; price; energy; source; power; force,Energy
http://dx.doi.org/10.1787/data-00045-en|International trade,Trade in goods and services,trade in goods; goods; trade; trade in services; services; goods and services; value added; gross exports; tiva; value; forecast; import content,Economy
http://dx.doi.org/10.1787/data-00333-en|Insurance,National insurance market share,insurance; market share; national insurance; rate; premium; claim; direct insurance,Finance
http://dx.doi.org/10.1787/9789264056442-en|Research and development (R&D),Triadic patent families,Research; researcher; patent; invention; patentee; RD; R&D; innovation; knowledge; experiment; development; research; searcher; industry; service; university; public; private,Innovation and Technology
http://dx.doi.org/10.1787/20747152|Accès haut débit,Abonnements haut débit mobile,haut débit; mobile; abonnements; sans fil; wifi; http; internet; données; tarifs; réseau; formule; prépayé; paiement a posteriori; information; communication; télécommunications; technologie; filaire; abonnement; TIC; fixe; hertzien; connexion; fibre; câble,Innovation et Technologies
http://dx.doi.org/10.1787/9789264191150-en|Fisheries,Fish landings,fish landings; fish capture; marine capture; fishing; catch; fisheries; aquaculture,Agriculture
http://dx.doi.org/10.1787/9789264201842-fr|Échanges internationaux,Valeur ajoutée domestique des exportations brutes,valeur ajoutée; exportations brutes; tiva; échanges; valeur; échanges de biens; biens; échanges de services; services; biens et services; ÉVA; prévisions; contenu; importation,Économie
http://dx.doi.org/10.1787/19991274|Jeunes et le marché du travail,Jeunes déscolarisés sans emploi (NEET),jeunes; NEET; sans emploi; génération perdue; éducation; neet; chômeurs; jeunes déscolarisés et sans emploi,Éducation
http://dx.doi.org/10.1787/9789264121126-fr|Population par région,Répartition de la surface nationale,répartition de la surface nationale; démographie régionale; population régionale; population rurale; population urbaine; population métropolitaine; population des villes; population par région,Société
http://dx.doi.org/10.1787/19991290|Inequality,Income inequality,income; income inequality; income distribution; wealth; economic growth; inequality; gini; index; gender,Society
http://dx.doi.org/10.1787/9789264196230-en|Insurance,Gross insurance premiums,insurance; gross premium; rate; premium; claim; national insurance; direct insurance,Finance
10.1787/data-00722-fr|Migration,Taux d’activité des allochtones,allochtone; immigration; emploi; chômage; taux; population; immigrés; migrants; sexe; homme; femme; hommes; femmes; Migration; migrant; émigration; flux; envoi de fonds,Société
http://dx.doi.org/10.1787/data-00706-fr|Échanges internationaux,Balance des opérations courantes,balance; solde; compte courant; échanges de biens; biens; échanges; échanges de services; services; biens et services; valeur ajoutée; exportations brutes; ÉVA; valeur; prévisions; contenu; importation,Économie
